RuleNumber,RuleTaxonomy,RuleComposition,RuleType,RuleDescription
1,TightIdentity,Identity,Straight,Match Exact [Firstname] and [Surname] and [BirthDate]
2,TightIdentity,Identity,Straight,Match Exact [Middlename] and [Alternative Middlename] and [Surname] and [BirthDate]
3,TightIdentity,Identity,Straight,Match Exact [Firstname] and [Middlename] and [Alternative Middlename] and [Surname] and [BirthDate]
4,TightIdentity,Identity,Straight,Match Exact [Firstname] and [Surname] and [BirthDate] and [Title]
5,TightIdentity,Identity,Straight,Match Exact [Middlename] and [Alternative Middlename] and [Surname] and [BirthDate] and [Title]
6,TightIdentity,Identity,Straight,Match Exact [Firstname] and [Middlename] and [Alternative Middlename] and [Surname] and [BirthDate] and [Title]
7,TightIdentity,Identity,Straight,Match Exact [Firstname] and [Surname] and [BirthDate] and [Gender]
8,TightIdentity,Identity,Straight,Match Exact [Middlename] and [Alternative Middlename] and [Surname] and [BirthDate] and [Gender]
9,TightIdentity,Identity,Straight,Match Exact [Firstname] and [Middlename] and [Alternative Middlename] and [Surname] and [BirthDate] and [Gender]
10,TightIdentity,Identity,Straight,Match Exact [Firstname] and [Surname] and [BirthDate] and  [BirthLocation]
11,TightIdentity,Identity,Straight,Match Exact [Middlename] and [Alternative Middlename] and [Surname] and [BirthDate] and  [BirthLocation]
12,TightIdentity,Identity,Straight,Match Exact [Firstname] and [Middlename] and [Alternative Middlename] and [Surname] and [BirthDate] and  [BirthLocation]
13,TightIdentity,Identity,Straight,Match Exact [Firstname] and [Surname] and [BirthDate] and [IndigenousStatus]
14,TightIdentity,Identity,Straight,Match Exact [Middlename] and [Alternative Middlename] and [Surname] and [BirthDate] and [IndigenousStatus]
15,TightIdentity,Identity,Straight,Match Exact [Firstname] and [Middlename] and [Alternative Middlename] and [Surname] and [BirthDate] and [IndigenousStatus]
16,TightIdentity,Identity,Straight,Match Exact [Firstname] and [Surname] and [BirthDate] and [Title] and [Gender] and [BirthLocation] and [IndigenousStatus]
17,TightIdentity,Identity,Straight,Match Exact [Middlename] and [Alternative Middlename] and [Surname] and [BirthDate] and [Title] and [Gender] and [BirthLocation] and [IndigenousStatus]
18,TightIdentity,Identity,Straight,Match Exact [Firstname] and [Middlename] and [Alternative Middlename] and [Surname] and [BirthDate] and [Title] and [Gender] and [BirthLocation] and [IndigenousStatus]
19,TightIdentity,Source,Straight,Match [OriginatingSourceProvider] and [PrimarySourceSystem] and [IdentityNaturalKey]
20,TightIdentity,IdentityAddress,Straight,Match Exact [Firstname] and [Surname] and [BirthDate] and [FullAddressDescription] and [StreetNumber] and [PostCode]
21,TightIdentity,IdentityAddress,Straight,Match Exact [Middlename] and [Alternative Middlename] and [Surname] and [BirthDate] and [FullAddressDescription] and [StreetNumber] and [PostCode]
22,TightIdentity,IdentityAddress,Straight,Match Exact [Firstname] and [Middlename] and [Alternative Middlename] and [Surname] and [BirthDate] and [FullAddressDescription] and [StreetNumber] and [PostCode]
23,TightIdentity,IdentityAddress,Straight,Match Exact [Firstname] and [Surname] and [BirthDate] and [FullAddressDescription] and [StreetNumber] and [Locality]
24,TightIdentity,IdentityAddress,Straight,Match Exact [Middlename] and [Alternative Middlename] and [Surname] and [BirthDate] and [FullAddressDescription] and [StreetNumber] and [Locality]
25,TightIdentity,IdentityAddress,Straight,Match Exact [Firstname] and [Middlename] and [Alternative Middlename] and [Surname] and [BirthDate] and [FullAddressDescription] and [StreetNumber] and [Locality]
100,PotentialIdentity,Identity,Straight,Match Exact [Firstname] and [Surname]  
101,PotentialIdentity,Identity,Straight,Match Exact [Middlename] and [Alternative Middlename] and [Surname]
102,PotentialIdentity,Identity,Straight,Match Exact [Firstname] and [Middlename] and [Alternative Middlename] and [Surname] 
103,PotentialIdentity,Identity,Straight,Match [FirstName] and  [Surname] and [Title]
104,PotentialIdentity,Identity,Straight,Match Exact [Middlename] and [Alternative Middlename] and [Surname] and [Title]
105,PotentialIdentity,Identity,Straight,Match Exact [Firstname] and [Middlename] and [Alternative Middlename] and [Surname] and [Title]
106,PotentialIdentity,Identity,Straight,Match Exact [Firstname] and [Surname] and [Gender]
107,PotentialIdentity,Identity,Straight,Match Exact [Middlename] and [Alternative Middlename] and [Surname] and [Gender]
108,PotentialIdentity,Identity,Straight,Match Exact [Firstname] and [Middlename] and [Alternative Middlename] and [Surname] and [Gender]
109,PotentialIdentity,Identity,Straight,Match Exact [Firstname] and [Surname] and [BirthLocation]
110,PotentialIdentity,Identity,Straight,Match Exact [Middlename] and [Alternative Middlename] and [Surname] and [BirthLocation]
111,PotentialIdentity,Identity,Straight,Match Exact [Firstname] and [Middlename] and [Alternative Middlename] and [Surname] and  [BirthLocation]
112,PotentialIdentity,Identity,Straight,Match Exact [Firstname] and [Surname] and [IndigenousStatus]
113,PotentialIdentity,Identity,Straight,Match Exact [Middlename] and [Alternative Middlename] and [Surname] and [IndigenousStatus]
114,PotentialIdentity,Identity,Straight,Match Exact [Firstname] and [Middlename] and [Alternative Middlename] and [Surname] and [IndigenousStatus]
115,PotentialIdentity,Identity,Straight,Match Exact [Firstname] and [Surname] and [Title] and [Gender] and [BirthLocation] and [IndigenousStatus]
116,PotentialIdentity,Identity,Straight,Match Exact [Middlename] and [Alternative Middlename] and [Surname] and [Title] and [Gender] and [BirthLocation] and [IndigenousStatus]
117,PotentialIdentity,Identity,Straight,Match Exact [Firstname] and [Middlename] and [Alternative Middlename] and [Surname] and [Title] and [Gender] and [BirthLocation] and [IndigenousStatus]
118,PotentialIdentity,IdentityAddress,Straight,Match Exact [Firstname] and [Surname] and [FullAddressDescription] and [StreetNumber] and [PostCode]
119,PotentialIdentity,IdentityAddress,Straight,Match Exact [Middlename] and [Alternative Middlename] and [Surname] and [FullAddressDescription] and [StreetNumber] and [PostCode]
120,PotentialIdentity,IdentityAddress,Straight,Match Exact [Firstname] and [Middlename] and [Alternative Middlename] and [Surname] and [FullAddressDescription] and [StreetNumber] and [PostCode]
121,PotentialIdentity,IdentityAddress,Straight,Match Exact [Firstname] and [Surname] and [FullAddressDescription] and [StreetNumber] and [Locality]
122,PotentialIdentity,IdentityAddress,Straight,Match Exact [Middlename] and [Alternative Middlename] and [Surname] and [FullAddressDescription] and [StreetNumber] and [Locality]
123,PotentialIdentity,IdentityAddress,Straight,Match Exact [Firstname] and [Middlename] and [Alternative Middlename] and [Surname] and [FullAddressDescription] and [StreetNumber] and [Locality]
124,PotentialIdentity,IdentityAddress,Straight,Match Exact [Firstname] and [Surname] and [Gender] and [StreetNumber]  and [FullAddressDescription]
125,PotentialIdentity,IdentityAddress,Straight,Match Exact [Firstname] and [Surname] and [Gender] and [FullAddressDescription]
126,PotentialIdentity,Identity,Straight,Match [SLK] WITH COUNT(SLK) < n; (High SLK count often indicates a Business)
127,PotentialIdentity,Identity,Straight,Match [SLK] WITH COUNT(SLK) < n and [FullAddressDescription] and [StreetNumber] and [PostCode]; (High SLK count often indicates a Business)
128,PotentialIdentity,Identity,Straight,Match [Firstname] and [Surname] and [SLK] WITH COUNT(SLK) < n; (High SLK count often indicates a Business)
129,PotentialIdentity,Identity,Straight,Match [Firstname] and [Surname] and [SLK] WITH COUNT(SLK) < n and [FullAddressDescription] and [StreetNumber] and [PostCode]; (High SLK count often indicates a Business)
500,PotentialIdentity,Identity,FlippedDOB,Match Exact [Firstname] and [Surname] and [Flipped DOB] and [FullAddressDescription]
501,PotentialIdentity,Identity,FlippedDOB,Match Exact [Firstname] and [Surname] and [Flipped DOB] and [FullAddressDescription] and [Title]
502,PotentialIdentity,Identity,FlippedDOB,Match Exact [Firstname] and [Surname] and [Flipped DOB] and [FullAddressDescription] and [Gender]
503,PotentialIdentity,Identity,FlippedDOB,Match Exact [Firstname] and [Surname] and [Flipped DOB] and [FullAddressDescription] and [AboriginalStatus]
504,PotentialIdentity,Identity,FlippedDOB,Match Exact [Firstname] and [Surname] and [Flipped DOB] and [FullAddressDescription] and [BirthLocation]
505,PotentialIdentity,Identity,FlippedDOB,Match Exact [Firstname] and [Surname] and [Flipped DOB] and [FullAddressDescription] and [Title] and [Gender]
506,PotentialIdentity,Identity,FlippedDOB,Match Exact [Firstname] and [Surname] and [Flipped DOB] and [FullAddressDescription] and [Title] and [AboriginalStatus]
507,PotentialIdentity,Identity,FlippedDOB,Match Exact [Firstname] and [Surname] and [Flipped DOB] and [FullAddressDescription] and [Title] and [BirthLocation]
508,PotentialIdentity,Identity,FlippedDOB,Match Exact [Firstname] and [Surname] and [Flipped DOB] and [FullAddressDescription] and [Gender] and [AboriginalStatus]
509,PotentialIdentity,Identity,FlippedDOB,Match Exact [Firstname] and [Surname] and [Flipped DOB] and [FullAddressDescription] and [Gender] and [BirthLocation]
510,PotentialIdentity,Identity,FlippedDOB,Match Exact [Firstname] and [Surname] and [Flipped DOB] and [FullAddressDescription] and [AboriginalStatus] and [BirthLocation]
511,PotentialIdentity,Identity,FlippedDOB,Match Exact [Firstname] and [Surname] and [Flipped DOB] and [FullAddressDescription] and [Title] and [Gender] and [AboriginalStatus]
512,PotentialIdentity,Identity,FlippedDOB,Match Exact [Firstname] and [Surname] and [Flipped DOB] and [FullAddressDescription] and [Title] and [Gender] and [BirthLocation]
513,PotentialIdentity,Identity,FlippedDOB,Match Exact [Firstname] and [Surname] and [Flipped DOB] and [FullAddressDescription] and [Title] and [AboriginalStatus] and [BirthLocation]
514,PotentialIdentity,Identity,FlippedDOB,Match Exact [Firstname] and [Surname] and [Flipped DOB] and [FullAddressDescription] and [Gender] and [AboriginalStatus] and [BirthLocation]
515,PotentialIdentity,Identity,FlippedDOB,Match Exact [Firstname] and [Surname] and [Flipped DOB] and [FullAddressDescription] and [Title] and [Gender] and [AboriginalStatus] and [BirthLocation]
516,PotentialIdentity,IdentityAddress,FlippedDOB,Match Exact [Firstname] and [Surname] and [Flipped DOB] and [FullAddressDescription] and [StreetNumber]
517,PotentialIdentity,IdentityAddress,FlippedDOB,Match Exact [Firstname] and [Surname] and [Flipped DOB] and [FullAddressDescription] and  [Locality]
518,PotentialIdentity,IdentityAddress,FlippedDOB,Match Exact [Firstname] and [Surname] and [Flipped DOB] and [FullAddressDescription] and [Postcode]
519,PotentialIdentity,IdentityAddress,FlippedDOB,Match Exact [Firstname] and [Surname] and [Flipped DOB] and [FullAddressDescription] and [StreetNumber] and [Locality] 
520,PotentialIdentity,IdentityAddress,FlippedDOB,Match Exact [Firstname] and [Surname] and [Flipped DOB] and [FullAddressDescription] and [StreetNumber] and [Postcode]
521,PotentialIdentity,IdentityAddress,FlippedDOB,Match Exact [Firstname] and [Surname] and [Flipped DOB] and [FullAddressDescription] and [Locality] and [Postcode]
522,PotentialIdentity,IdentityAddress,FlippedDOB,Match Exact [Firstname] and [Surname] and [Flipped DOB] and [FullAddressDescription] and [StreetNumber] and [Locality] and [Postcode]
523,PotentialIdentity,Identity,FlippedDOB,Match Exact [Firstname] and [Middlename] and [AlternativeMiddleName] and [Surname] and [Flipped DOB] and [FullAddressDescription]
524,PotentialIdentity,Identity,FlippedDOB,Match Exact [Firstname] and [Middlename] and [AlternativeMiddleName] and [Surname] and [Flipped DOB] and [FullAddressDescription] and [Title]
525,PotentialIdentity,Identity,FlippedDOB,Match Exact [Firstname] and [Middlename] and [AlternativeMiddleName] and [Surname] and [Flipped DOB] and [FullAddressDescription] and [Gender]
526,PotentialIdentity,Identity,FlippedDOB,Match Exact [Firstname] and [Middlename] and [AlternativeMiddleName] and [Surname] and [Flipped DOB] and [FullAddressDescription] and [AboriginalStatus]
527,PotentialIdentity,Identity,FlippedDOB,Match Exact [Firstname] and [Middlename] and [AlternativeMiddleName] and [Surname] and [Flipped DOB] and [FullAddressDescription] and [BirthLocation]
528,PotentialIdentity,Identity,FlippedDOB,Match Exact [Firstname] and [Middlename] and [AlternativeMiddleName] and [Surname] and [Flipped DOB] and [FullAddressDescription] and [Title] and [Gender]
529,PotentialIdentity,Identity,FlippedDOB,Match Exact [Firstname] and [Middlename] and [AlternativeMiddleName] and [Surname] and [Flipped DOB] and [FullAddressDescription] and [Title] and [AboriginalStatus]
530,PotentialIdentity,Identity,FlippedDOB,Match Exact [Firstname] and [Middlename] and [AlternativeMiddleName] and [Surname] and [Flipped DOB] and [FullAddressDescription] and [Title] and [BirthLocation]
531,PotentialIdentity,Identity,FlippedDOB,Match Exact [Firstname] and [Middlename] and [AlternativeMiddleName] and [Surname] and [Flipped DOB] and [FullAddressDescription] and [Gender] and [AboriginalStatus]
532,PotentialIdentity,Identity,FlippedDOB,Match Exact [Firstname] and [Middlename] and [AlternativeMiddleName] and [Surname] and [Flipped DOB] and [FullAddressDescription] and [Gender] and [BirthLocation]
533,PotentialIdentity,Identity,FlippedDOB,Match Exact [Firstname] and [Middlename] and [AlternativeMiddleName] and [Surname] and [Flipped DOB] and [FullAddressDescription] and [AboriginalStatus] and [BirthLocation]
534,PotentialIdentity,Identity,FlippedDOB,Match Exact [Firstname] and [Middlename] and [AlternativeMiddleName] and [Surname] and [Flipped DOB] and [FullAddressDescription] and [Title] and [Gender] and [AboriginalStatus]
535,PotentialIdentity,Identity,FlippedDOB,Match Exact [Firstname] and [Middlename] and [AlternativeMiddleName] and [Surname] and [Flipped DOB] and [FullAddressDescription] and [Title] and [Gender] and [BirthLocation]
536,PotentialIdentity,Identity,FlippedDOB,Match Exact [Firstname] and [Middlename] and [AlternativeMiddleName] and [Surname] and [Flipped DOB] and [FullAddressDescription] and [Title] and [AboriginalStatus] and [BirthLocation]
537,PotentialIdentity,Identity,FlippedDOB,Match Exact [Firstname] and [Middlename] and [AlternativeMiddleName] and [Surname] and [Flipped DOB] and [FullAddressDescription] and [Gender] and [AboriginalStatus] and [BirthLocation]
538,PotentialIdentity,Identity,FlippedDOB,Match Exact [Firstname] and [Middlename] and [AlternativeMiddleName] and [Surname] and [Flipped DOB] and [FullAddressDescription] and [Title] and [Gender] and [AboriginalStatus] and [BirthLocation]
539,PotentialIdentity,IdentityAddress,FlippedDOB,Match Exact [Firstname] and [Middlename] and [AlternativeMiddleName] and [Surname] and [Flipped DOB] and [FullAddressDescription] and [StreetNumber]
540,PotentialIdentity,IdentityAddress,FlippedDOB,Match Exact [Firstname] and [Middlename] and [AlternativeMiddleName] and [Surname] and [Flipped DOB] and [FullAddressDescription] and  [Locality]
541,PotentialIdentity,IdentityAddress,FlippedDOB,Match Exact [Firstname] and [Middlename] and [AlternativeMiddleName] and [Surname] and [Flipped DOB] and [FullAddressDescription] and [Postcode]
542,PotentialIdentity,IdentityAddress,FlippedDOB,Match Exact [Firstname] and [Middlename] and [AlternativeMiddleName] and [Surname] and [Flipped DOB] and [FullAddressDescription] and [StreetNumber] and [Locality] 
543,PotentialIdentity,IdentityAddress,FlippedDOB,Match Exact [Firstname] and [Middlename] and [AlternativeMiddleName] and [Surname] and [Flipped DOB] and [FullAddressDescription] and [StreetNumber] and [Postcode]
544,PotentialIdentity,IdentityAddress,FlippedDOB,Match Exact [Firstname] and [Middlename] and [AlternativeMiddleName] and [Surname] and [Flipped DOB] and [FullAddressDescription] and [Locality] and [Postcode]
545,PotentialIdentity,IdentityAddress,FlippedDOB,Match Exact [Firstname] and [Middlename] and [AlternativeMiddleName] and [Surname] and [Flipped DOB] and [FullAddressDescription] and [StreetNumber] and [Locality] and [Postcode]
600,PotentialIdentity,Identity,FlippedFirstnameSurname,Match Exact (Switched [Surname] with [Firstname]) and (Switched [Firstname] with [Surname]) and [DOB] and [FullAddressDescription]
601,PotentialIdentity,Identity,FlippedFirstnameSurname,Match Exact (Switched [Surname] with [Firstname]) and (Switched [Firstname] with [Surname]) and [DOB] and [FullAddressDescription] and [Title]
602,PotentialIdentity,Identity,FlippedFirstnameSurname,Match Exact (Switched [Surname] with [Firstname]) and (Switched [Firstname] with [Surname]) and [DOB] and [FullAddressDescription] and [Gender]
603,PotentialIdentity,Identity,FlippedFirstnameSurname,Match Exact (Switched [Surname] with [Firstname]) and (Switched [Firstname] with [Surname]) and [DOB] and [FullAddressDescription] and [AboriginalStatus]
604,PotentialIdentity,Identity,FlippedFirstnameSurname,Match Exact (Switched [Surname] with [Firstname]) and (Switched [Firstname] with [Surname]) and [DOB] and [FullAddressDescription] and [BirthLocation]
605,PotentialIdentity,Identity,FlippedFirstnameSurname,Match Exact (Switched [Surname] with [Firstname]) and (Switched [Firstname] with [Surname]) and [DOB] and [FullAddressDescription] and [Title] and [Gender]
606,PotentialIdentity,Identity,FlippedFirstnameSurname,Match Exact (Switched [Surname] with [Firstname]) and (Switched [Firstname] with [Surname]) and [DOB] and [FullAddressDescription] and [Title] and [AboriginalStatus]
607,PotentialIdentity,Identity,FlippedFirstnameSurname,Match Exact (Switched [Surname] with [Firstname]) and (Switched [Firstname] with [Surname]) and [DOB] and [FullAddressDescription] and [Title] and [BirthLocation]
608,PotentialIdentity,Identity,FlippedFirstnameSurname,Match Exact (Switched [Surname] with [Firstname]) and (Switched [Firstname] with [Surname]) and [DOB] and [FullAddressDescription]and [Gender] and [AboriginalStatus]
609,PotentialIdentity,Identity,FlippedFirstnameSurname,Match Exact (Switched [Surname] with [Firstname]) and (Switched [Firstname] with [Surname]) and [DOB] and [FullAddressDescription] and [Gender] and [BirthLocation]
610,PotentialIdentity,Identity,FlippedFirstnameSurname,Match Exact (Switched [Surname] with [Firstname]) and (Switched [Firstname] with [Surname]) and [DOB] and [FullAddressDescription] and [AboriginalStatus] and [BirthLocation]
611,PotentialIdentity,Identity,FlippedFirstnameSurname,Match Exact (Switched [Surname] with [Firstname]) and (Switched [Firstname] with [Surname]) and [DOB] and [FullAddressDescription] and [Title] and [Gender] and [AboriginalStatus]
612,PotentialIdentity,Identity,FlippedFirstnameSurname,Match Exact (Switched [Surname] with [Firstname]) and (Switched [Firstname] with [Surname]) and [DOB] and [FullAddressDescription] and [Title] and [Gender] and [BirthLocation]
613,PotentialIdentity,Identity,FlippedFirstnameSurname,Match Exact (Switched [Surname] with [Firstname]) and (Switched [Firstname] with [Surname]) and [DOB] and [FullAddressDescription] and [Title] and [AboriginalStatus] and [BirthLocation]
614,PotentialIdentity,Identity,FlippedFirstnameSurname,Match Exact (Switched [Surname] with [Firstname]) and (Switched [Firstname] with [Surname]) and [DOB] and [FullAddressDescription] and [Gender] and [AboriginalStatus] and [BirthLocation]
615,PotentialIdentity,Identity,FlippedFirstnameSurname,Match Exact (Switched [Surname] with [Firstname]) and (Switched [Firstname] with [Surname]) and [DOB] and [FullAddressDescription] and [Title] and [Gender] and [AboriginalStatus] and [BirthLocation]
616,PotentialIdentity,IdentityAddress,FlippedFirstnameSurname,Match Exact (Switched [Surname] with [Firstname]) and (Switched [Firstname] with [Surname]) and [DOB] and [FullAddressDescription] and [StreetNumber]
617,PotentialIdentity,IdentityAddress,FlippedFirstnameSurname,Match Exact (Switched [Surname] with [Firstname]) and (Switched [Firstname] with [Surname]) and [DOB] and [FullAddressDescription] and  [Locality]
618,PotentialIdentity,IdentityAddress,FlippedFirstnameSurname,Match Exact (Switched [Surname] with [Firstname]) and (Switched [Firstname] with [Surname]) and [DOB] and [FullAddressDescription] and [Postcode]
619,PotentialIdentity,IdentityAddress,FlippedFirstnameSurname,Match Exact (Switched [Surname] with [Firstname]) and (Switched [Firstname] with [Surname]) and [DOB] and [FullAddressDescription] and [StreetNumber] and [Locality] 
620,PotentialIdentity,IdentityAddress,FlippedFirstnameSurname,Match Exact (Switched [Surname] with [Firstname]) and (Switched [Firstname] with [Surname]) and [DOB] and [FullAddressDescription] and [StreetNumber] and [Postcode]
621,PotentialIdentity,IdentityAddress,FlippedFirstnameSurname,Match Exact (Switched [Surname] with [Firstname]) and (Switched [Firstname] with [Surname]) and [DOB] and [FullAddressDescription] and [Locality] and [Postcode]
622,PotentialIdentity,IdentityAddress,FlippedFirstnameSurname,Match Exact (Switched [Surname] with [Firstname]) and (Switched [Firstname] with [Surname]) and [DOB] and [FullAddressDescription] and [StreetNumber] and [Locality] and [Postcode]
623,PotentialIdentity,Identity,FlippedFirstnameSurname,Match Exact (Switched [Surname] with [Firstname]) and [Middlename] and [AlternativeMiddleName] and (Switched [Firstname] with [Surname]) and [DOB] and [FullAddressDescription]
624,PotentialIdentity,Identity,FlippedFirstnameSurname,Match Exact (Switched [Surname] with [Firstname]) and [Middlename] and [AlternativeMiddleName] and (Switched [Firstname] with [Surname]) and [DOB] and [FullAddressDescription] and [Title]
625,PotentialIdentity,Identity,FlippedFirstnameSurname,Match Exact (Switched [Surname] with [Firstname]) and [Middlename] and [AlternativeMiddleName] and (Switched [Firstname] with [Surname]) and [DOB] and [FullAddressDescription] and [Gender]
626,PotentialIdentity,Identity,FlippedFirstnameSurname,Match Exact (Switched [Surname] with [Firstname]) and [Middlename] and [AlternativeMiddleName] and (Switched [Firstname] with [Surname]) and [DOB] and [FullAddressDescription] and [AboriginalStatus]
627,PotentialIdentity,Identity,FlippedFirstnameSurname,Match Exact (Switched [Surname] with [Firstname]) and [Middlename] and [AlternativeMiddleName] and (Switched [Firstname] with [Surname]) and [DOB] and [FullAddressDescription] and [BirthLocation]
628,PotentialIdentity,Identity,FlippedFirstnameSurname,Match Exact (Switched [Surname] with [Firstname]) and [Middlename] and [AlternativeMiddleName] and (Switched [Firstname] with [Surname]) and [DOB] and [FullAddressDescription] and [Title] and [Gender]
629,PotentialIdentity,Identity,FlippedFirstnameSurname,Match Exact (Switched [Surname] with [Firstname]) and [Middlename] and [AlternativeMiddleName] and (Switched [Firstname] with [Surname]) and [DOB] and [FullAddressDescription] and [Title] and [AboriginalStatus]
630,PotentialIdentity,Identity,FlippedFirstnameSurname,Match Exact (Switched [Surname] with [Firstname]) and [Middlename] and [AlternativeMiddleName] and (Switched [Firstname] with [Surname]) and [DOB] and [FullAddressDescription] and [Title] and [BirthLocation]
631,PotentialIdentity,Identity,FlippedFirstnameSurname,Match Exact (Switched [Surname] with [Firstname]) and [Middlename] and [AlternativeMiddleName] and (Switched [Firstname] with [Surname]) and [DOB] and [FullAddressDescription]and [Gender] and [AboriginalStatus]
632,PotentialIdentity,Identity,FlippedFirstnameSurname,Match Exact (Switched [Surname] with [Firstname]) and [Middlename] and [AlternativeMiddleName] and (Switched [Firstname] with [Surname]) and [DOB] and [FullAddressDescription] and [Gender] and [BirthLocation]
633,PotentialIdentity,Identity,FlippedFirstnameSurname,Match Exact (Switched [Surname] with [Firstname]) and [Middlename] and [AlternativeMiddleName] and (Switched [Firstname] with [Surname]) and [DOB] and [FullAddressDescription] and [AboriginalStatus] and [BirthLocation]
634,PotentialIdentity,Identity,FlippedFirstnameSurname,Match Exact (Switched [Surname] with [Firstname]) and [Middlename] and [AlternativeMiddleName] and (Switched [Firstname] with [Surname]) and [DOB] and [FullAddressDescription] and [Title] and [Gender] and [AboriginalStatus]
635,PotentialIdentity,Identity,FlippedFirstnameSurname,Match Exact (Switched [Surname] with [Firstname]) and [Middlename] and [AlternativeMiddleName] and (Switched [Firstname] with [Surname]) and [DOB] and [FullAddressDescription] and [Title] and [Gender] and [BirthLocation]
636,PotentialIdentity,Identity,FlippedFirstnameSurname,Match Exact (Switched [Surname] with [Firstname]) and [Middlename] and [AlternativeMiddleName] and (Switched [Firstname] with [Surname]) and [DOB] and [FullAddressDescription] and [Title] and [AboriginalStatus] and [BirthLocation]
637,PotentialIdentity,Identity,FlippedFirstnameSurname,Match Exact (Switched [Surname] with [Firstname]) and [Middlename] and [AlternativeMiddleName] and (Switched [Firstname] with [Surname]) and [DOB] and [FullAddressDescription] and [Gender] and [AboriginalStatus] and [BirthLocation]
638,PotentialIdentity,Identity,FlippedFirstnameSurname,Match Exact (Switched [Surname] with [Firstname]) and [Middlename] and [AlternativeMiddleName] and (Switched [Firstname] with [Surname]) and [DOB] and [FullAddressDescription] and [Title] and [Gender] and [AboriginalStatus] and [BirthLocation]
639,PotentialIdentity,IdentityAddress,FlippedFirstnameSurname,Match Exact (Switched [Surname] with [Firstname]) and [Middlename] and [AlternativeMiddleName] and (Switched [Firstname] with [Surname]) and [DOB] and [FullAddressDescription] and [StreetNumber]
640,PotentialIdentity,IdentityAddress,FlippedFirstnameSurname,Match Exact (Switched [Surname] with [Firstname]) and [Middlename] and [AlternativeMiddleName] and (Switched [Firstname] with [Surname]) and [DOB] and [FullAddressDescription] and  [Locality]
641,PotentialIdentity,IdentityAddress,FlippedFirstnameSurname,Match Exact (Switched [Surname] with [Firstname]) and [Middlename] and [AlternativeMiddleName] and (Switched [Firstname] with [Surname]) and [DOB] and [FullAddressDescription] and [Postcode]
642,PotentialIdentity,IdentityAddress,FlippedFirstnameSurname,Match Exact (Switched [Surname] with [Firstname]) and [Middlename] and [AlternativeMiddleName] and (Switched [Firstname] with [Surname]) and [DOB] and [FullAddressDescription] and [StreetNumber] and [Locality] 
643,PotentialIdentity,IdentityAddress,FlippedFirstnameSurname,Match Exact (Switched [Surname] with [Firstname]) and [Middlename] and [AlternativeMiddleName] and (Switched [Firstname] with [Surname]) and [DOB] and [FullAddressDescription] and [StreetNumber] and [Postcode]
644,PotentialIdentity,IdentityAddress,FlippedFirstnameSurname,Match Exact (Switched [Surname] with [Firstname]) and [Middlename] and [AlternativeMiddleName] and (Switched [Firstname] with [Surname]) and [DOB] and [FullAddressDescription] and [Locality] and [Postcode]
645,PotentialIdentity,IdentityAddress,FlippedFirstnameSurname,Match Exact (Switched [Surname] with [Firstname]) and [Middlename] and [AlternativeMiddleName] and (Switched [Firstname] with [Surname]) and [DOB] and [FullAddressDescription] and [StreetNumber] and [Locality] and [Postcode]
700,PotentialIdentity,Identity,FlippedFirstnameMiddlename,Match Exact (Switched [Middlename] with [Firstname]) and (Switched [Firstname] with [Middlename]) and [Surname] and [DOB] and [FullAddressDescription]
701,PotentialIdentity,Identity,FlippedFirstnameMiddlename,Match Exact (Switched [Middlename] with [Firstname]) and (Switched [Firstname] with [Middlename]) and [Surname] and [DOB] and [FullAddressDescription] and [Title]
702,PotentialIdentity,Identity,FlippedFirstnameMiddlename,Match Exact (Switched [Middlename] with [Firstname]) and (Switched [Firstname] with [Middlename]) and [Surname] and [DOB] and [FullAddressDescription] and [Gender]
703,PotentialIdentity,Identity,FlippedFirstnameMiddlename,Match Exact (Switched [Middlename] with [Firstname]) and (Switched [Firstname] with [Middlename]) and [Surname] and [DOB] and [FullAddressDescription] and [AboriginalStatus]
704,PotentialIdentity,Identity,FlippedFirstnameMiddlename,Match Exact (Switched [Middlename] with [Firstname]) and (Switched [Firstname] with [Middlename]) and [Surname] and [DOB] and [FullAddressDescription] and [BirthLocation]
705,PotentialIdentity,Identity,FlippedFirstnameMiddlename,Match Exact (Switched [Middlename] with [Firstname]) and (Switched [Firstname] with [Middlename]) and [Surname] and [DOB] and [FullAddressDescription] and [Title] and [Gender]
706,PotentialIdentity,Identity,FlippedFirstnameMiddlename,Match Exact (Switched [Middlename] with [Firstname]) and (Switched [Firstname] with [Middlename]) and [Surname] and [DOB] and [FullAddressDescription] and [Title] and [AboriginalStatus]
707,PotentialIdentity,Identity,FlippedFirstnameMiddlename,Match Exact (Switched [Middlename] with [Firstname]) and (Switched [Firstname] with [Middlename]) and [Surname] and [DOB] and [FullAddressDescription] and [Title] and [BirthLocation]
708,PotentialIdentity,Identity,FlippedFirstnameMiddlename,Match Exact (Switched [Middlename] with [Firstname]) and (Switched [Firstname] with [Middlename]) and [Surname] and [DOB] and [FullAddressDescription] and [Gender] and [AboriginalStatus]
709,PotentialIdentity,Identity,FlippedFirstnameMiddlename,Match Exact (Switched [Middlename] with [Firstname]) and (Switched [Firstname] with [Middlename]) and [Surname] and [DOB] and [FullAddressDescription] and [Gender] and [BirthLocation]
710,PotentialIdentity,Identity,FlippedFirstnameMiddlename,Match Exact (Switched [Middlename] with [Firstname]) and (Switched [Firstname] with [Middlename]) and [Surname] and [DOB] and [FullAddressDescription] and [AboriginalStatus] and [BirthLocation]
711,PotentialIdentity,Identity,FlippedFirstnameMiddlename,Match Exact (Switched [Middlename] with [Firstname]) and (Switched [Firstname] with [Middlename]) and [Surname] and [DOB] and [FullAddressDescription] and [Title] and [Gender] and [AboriginalStatus]
712,PotentialIdentity,Identity,FlippedFirstnameMiddlename,Match Exact (Switched [Middlename] with [Firstname]) and (Switched [Firstname] with [Middlename]) and [Surname] and [DOB] and [FullAddressDescription] and [Title] and [Gender] and [BirthLocation]
713,PotentialIdentity,Identity,FlippedFirstnameMiddlename,Match Exact (Switched [Middlename] with [Firstname]) and (Switched [Firstname] with [Middlename]) and [Surname] and [DOB] and [FullAddressDescription] and [Title] and [AboriginalStatus] and [BirthLocation]
714,PotentialIdentity,Identity,FlippedFirstnameMiddlename,Match Exact (Switched [Middlename] with [Firstname]) and (Switched [Firstname] with [Middlename]) and [Surname] and [DOB] and [FullAddressDescription] and [Gender] and [AboriginalStatus] and [BirthLocation]
715,PotentialIdentity,Identity,FlippedFirstnameMiddlename,Match Exact (Switched [Middlename] with [Firstname]) and (Switched [Firstname] with [Middlename]) and [Surname] and [DOB] and [FullAddressDescription] and [Title] and [Gender] and [AboriginalStatus] and [BirthLocation]
716,PotentialIdentity,IdentityAddress,FlippedFirstnameMiddlename,Match Exact (Switched [Middlename] with [Firstname]) and (Switched [Firstname] with [Middlename]) and [Surname] and [DOB] and [FullAddressDescription] and [StreetNumber]
717,PotentialIdentity,IdentityAddress,FlippedFirstnameMiddlename,Match Exact (Switched [Middlename] with [Firstname]) and (Switched [Firstname] with [Middlename]) and [Surname] and [DOB] and [FullAddressDescription] and  [Locality]
718,PotentialIdentity,IdentityAddress,FlippedFirstnameMiddlename,Match Exact (Switched [Middlename] with [Firstname]) and (Switched [Firstname] with [Middlename]) and [Surname] and [DOB] and [FullAddressDescription] and [Postcode]
719,PotentialIdentity,IdentityAddress,FlippedFirstnameMiddlename,Match Exact (Switched [Middlename] with [Firstname]) and (Switched [Firstname] with [Middlename]) and [Surname] and [DOB] and [FullAddressDescription] and [StreetNumber] and [Locality] 
720,PotentialIdentity,IdentityAddress,FlippedFirstnameMiddlename,Match Exact (Switched [Middlename] with [Firstname]) and (Switched [Firstname] with [Middlename]) and [Surname] and [DOB] and [FullAddressDescription] and [StreetNumber] and [Postcode]
721,PotentialIdentity,IdentityAddress,FlippedFirstnameMiddlename,Match Exact (Switched [Middlename] with [Firstname]) and (Switched [Firstname] with [Middlename]) and [Surname] and [DOB] and [FullAddressDescription] and [Locality] and [Postcode]
722,PotentialIdentity,IdentityAddress,FlippedFirstnameMiddlename,Match Exact (Switched [Middlename] with [Firstname]) and (Switched [Firstname] with [Middlename]) and [Surname] and [DOB] and [FullAddressDescription] and [StreetNumber] and [Locality] and [Postcode]
723,PotentialIdentity,Identity,FlippedFirstnameMiddlename,Match Exact (Switched [Middlename] with [Firstname]) and (Switched [Firstname] with [Middlename]) and [AlternativeMiddlename] and [Surname] and [DOB] and [FullAddressDescription]
724,PotentialIdentity,Identity,FlippedFirstnameMiddlename,Match Exact (Switched [Middlename] with [Firstname]) and (Switched [Firstname] with [Middlename]) and [AlternativeMiddlename] and [Surname] and [DOB] and [FullAddressDescription] and [Title]
725,PotentialIdentity,Identity,FlippedFirstnameMiddlename,Match Exact (Switched [Middlename] with [Firstname]) and (Switched [Firstname] with [Middlename]) and [AlternativeMiddlename] and [Surname] and [DOB] and [FullAddressDescription] and [Gender]
726,PotentialIdentity,Identity,FlippedFirstnameMiddlename,Match Exact (Switched [Middlename] with [Firstname]) and (Switched [Firstname] with [Middlename]) and [AlternativeMiddlename] and [Surname] and [DOB] and [FullAddressDescription] and [AboriginalStatus]
727,PotentialIdentity,Identity,FlippedFirstnameMiddlename,Match Exact (Switched [Middlename] with [Firstname]) and (Switched [Firstname] with [Middlename]) and [AlternativeMiddlename] and [Surname] and [DOB] and [FullAddressDescription] and [BirthLocation]
728,PotentialIdentity,Identity,FlippedFirstnameMiddlename,Match Exact (Switched [Middlename] with [Firstname]) and (Switched [Firstname] with [Middlename]) and [AlternativeMiddlename] and [Surname] and [DOB] and [FullAddressDescription] and [Title] and [Gender]
729,PotentialIdentity,Identity,FlippedFirstnameMiddlename,Match Exact (Switched [Middlename] with [Firstname]) and (Switched [Firstname] with [Middlename]) and [AlternativeMiddlename] and [Surname] and [DOB] and [FullAddressDescription] and [Title] and [AboriginalStatus]
730,PotentialIdentity,Identity,FlippedFirstnameMiddlename,Match Exact (Switched [Middlename] with [Firstname]) and (Switched [Firstname] with [Middlename]) and [AlternativeMiddlename] and [Surname] and [DOB] and [FullAddressDescription] and [Title] and [BirthLocation]
731,PotentialIdentity,Identity,FlippedFirstnameMiddlename,Match Exact (Switched [Middlename] with [Firstname]) and (Switched [Firstname] with [Middlename]) and [AlternativeMiddlename] and [Surname] and [DOB] and [FullAddressDescription] and [Gender] and [AboriginalStatus]
732,PotentialIdentity,Identity,FlippedFirstnameMiddlename,Match Exact (Switched [Middlename] with [Firstname]) and (Switched [Firstname] with [Middlename]) and [AlternativeMiddlename] and [Surname] and [DOB] and [FullAddressDescription] and [Gender] and [BirthLocation]
733,PotentialIdentity,Identity,FlippedFirstnameMiddlename,Match Exact (Switched [Middlename] with [Firstname]) and (Switched [Firstname] with [Middlename]) and [AlternativeMiddlename] and [Surname] and [DOB] and [FullAddressDescription] and [AboriginalStatus] and [BirthLocation]
734,PotentialIdentity,Identity,FlippedFirstnameMiddlename,Match Exact (Switched [Middlename] with [Firstname]) and (Switched [Firstname] with [Middlename]) and [AlternativeMiddlename] and [Surname] and [DOB] and [FullAddressDescription] and [Title] and [Gender] and [AboriginalStatus]
735,PotentialIdentity,Identity,FlippedFirstnameMiddlename,Match Exact (Switched [Middlename] with [Firstname]) and (Switched [Firstname] with [Middlename]) and [AlternativeMiddlename] and [Surname] and [DOB] and [FullAddressDescription] and [Title] and [Gender] and [BirthLocation]
736,PotentialIdentity,Identity,FlippedFirstnameMiddlename,Match Exact (Switched [Middlename] with [Firstname]) and (Switched [Firstname] with [Middlename]) and [AlternativeMiddlename] and [Surname] and [DOB] and [FullAddressDescription] and [Title] and [AboriginalStatus] and [BirthLocation]
737,PotentialIdentity,Identity,FlippedFirstnameMiddlename,Match Exact (Switched [Middlename] with [Firstname]) and (Switched [Firstname] with [Middlename]) and [AlternativeMiddlename] and [Surname] and [DOB] and [FullAddressDescription] and [Gender] and [AboriginalStatus] and [BirthLocation]
738,PotentialIdentity,Identity,FlippedFirstnameMiddlename,Match Exact (Switched [Middlename] with [Firstname]) and (Switched [Firstname] with [Middlename]) and [AlternativeMiddlename] and [Surname] and [DOB] and [FullAddressDescription] and [Title] and [Gender] and [AboriginalStatus] and [BirthLocation]
739,PotentialIdentity,IdentityAddress,FlippedFirstnameMiddlename,Match Exact (Switched [Middlename] with [Firstname]) and (Switched [Firstname] with [Middlename]) and [AlternativeMiddlename] and [Surname] and [DOB] and [FullAddressDescription] and [StreetNumber]
740,PotentialIdentity,IdentityAddress,FlippedFirstnameMiddlename,Match Exact (Switched [Middlename] with [Firstname]) and (Switched [Firstname] with [Middlename]) and [AlternativeMiddlename] and [Surname] and [DOB] and [FullAddressDescription] and  [Locality]
741,PotentialIdentity,IdentityAddress,FlippedFirstnameMiddlename,Match Exact (Switched [Middlename] with [Firstname]) and (Switched [Firstname] with [Middlename]) and [AlternativeMiddlename] and [Surname] and [DOB] and [FullAddressDescription] and [Postcode]
742,PotentialIdentity,IdentityAddress,FlippedFirstnameMiddlename,Match Exact (Switched [Middlename] with [Firstname]) and (Switched [Firstname] with [Middlename]) and [AlternativeMiddlename] and [Surname] and [DOB] and [FullAddressDescription] and [StreetNumber] and [Locality] 
743,PotentialIdentity,IdentityAddress,FlippedFirstnameMiddlename,Match Exact (Switched [Middlename] with [Firstname]) and (Switched [Firstname] with [Middlename]) and [AlternativeMiddlename] and [Surname] and [DOB] and [FullAddressDescription] and [StreetNumber] and [Postcode]
744,PotentialIdentity,IdentityAddress,FlippedFirstnameMiddlename,Match Exact (Switched [Middlename] with [Firstname]) and (Switched [Firstname] with [Middlename]) and [AlternativeMiddlename] and [Surname] and [DOB] and [FullAddressDescription] and [Locality] and [Postcode]
745,PotentialIdentity,IdentityAddress,FlippedFirstnameMiddlename,Match Exact (Switched [Middlename] with [Firstname]) and (Switched [Firstname] with [Middlename]) and [AlternativeMiddlename] and [Surname] and [DOB] and [FullAddressDescription] and [StreetNumber] and [Locality] and [Postcode]
